{
  "variable-selector-00": 64286,
  "bx-500px": 61697,
  "bx-99designs": 61698,
  "bx-adobe": 61699,
  "bx-airbnb": 61700,
  "bx-algolia": 61701,
  "bx-amazon": 61702,
  "bx-android": 61703,
  "bx-angular": 61704,
  "bx-anthropic": 61705,
  "bx-apple-music": 61706,
  "bx-apple": 61707,
  "bx-arc-browser": 61708,
  "bx-artstation": 61709,
  "bx-asana": 61710,
  "bx-atlassian": 61711,
  "bx-atom-editor": 61712,
  "bx-audible": 61713,
  "bx-auth0": 61714,
  "bx-autodesk": 61715,
  "bx-aws": 61716,
  "bx-baidu": 61717,
  "bx-bash": 61718,
  "bx-behance": 61719,
  "bx-better-auth": 61720,
  "bx-bing": 61721,
  "bx-bitcoin-logo": 61722,
  "bx-blender": 61723,
  "bx-blogger": 61724,
  "bx-bluesky": 61725,
  "bx-bolt-b": 61726,
  "bx-bootstrap": 61727,
  "bx-boxicons": 61728,
  "bx-brave-browser": 61729,
  "bx-bun": 61730,
  "bx-buy-me-a-coffee": 61731,
  "bx-c-plus-plus": 61732,
  "bx-c-sharp": 61733,
  "bx-c": 61734,
  "bx-canva": 61735,
  "bx-chess-com": 61736,
  "bx-chrome": 61737,
  "bx-claude-ai": 61738,
  "bx-clerk": 61739,
  "bx-cloudflare": 61740,
  "bx-codepen": 61741,
  "bx-convex": 61742,
  "bx-creative-commons": 61743,
  "bx-crunchyroll": 61744,
  "bx-css3": 61745,
  "bx-cursor-ai": 61746,
  "bx-dailymotion": 61747,
  "bx-deepmind": 61748,
  "bx-deepseek": 61749,
  "bx-deezer": 61750,
  "bx-deno": 61751,
  "bx-dev-to": 61752,
  "bx-deviantart": 61753,
  "bx-devpost": 61754,
  "bx-digg": 61755,
  "bx-digitalocean": 61756,
  "bx-discord-alt": 61757,
  "bx-discord": 61758,
  "bx-discourse": 61759,
  "bx-django": 61760,
  "bx-docker": 61761,
  "bx-dot-env": 61762,
  "bx-dribbble": 61763,
  "bx-drizzle-orm": 61764,
  "bx-dropbox": 61765,
  "bx-ebay": 61766,
  "bx-edge": 61767,
  "bx-etsy": 61768,
  "bx-expo": 61769,
  "bx-express-js": 61770,
  "bx-facebook-circle": 61771,
  "bx-facebook-square": 61772,
  "bx-facebook": 61773,
  "bx-fastapi": 61774,
  "bx-fastify": 61775,
  "bx-figma-alt": 61776,
  "bx-figma": 61777,
  "bx-firebase": 61778,
  "bx-firefox": 61779,
  "bx-fiverr": 61780,
  "bx-flask-old": 61781,
  "bx-flask": 61782,
  "bx-flickr-square": 61783,
  "bx-flickr": 61784,
  "bx-flutter": 61785,
  "bx-foursquare": 61786,
  "bx-framer": 61787,
  "bx-gatsby-js": 61788,
  "bx-gemini": 61789,
  "bx-git": 61790,
  "bx-github-copilot": 61791,
  "bx-github": 61792,
  "bx-gitlab": 61793,
  "bx-gmail": 61794,
  "bx-go-lang": 61795,
  "bx-google-cloud": 61796,
  "bx-google-pay": 61797,
  "bx-google": 61798,
  "bx-graphql": 61799,
  "bx-grok": 61800,
  "bx-groq-ai": 61801,
  "bx-gsap": 61802,
  "bx-gumroad": 61803,
  "bx-hashnode": 61804,
  "bx-hcaptcha": 61805,
  "bx-heroku": 61806,
  "bx-hono-js": 61807,
  "bx-html5": 61808,
  "bx-hugo": 61809,
  "bx-ibm": 61810,
  "bx-imdb": 61811,
  "bx-instagram-alt": 61812,
  "bx-instagram": 61813,
  "bx-internet-explorer": 61814,
  "bx-invision": 61815,
  "bx-java": 61816,
  "bx-javascript": 61817,
  "bx-joomla": 61818,
  "bx-jquery": 61819,
  "bx-jsfiddle": 61820,
  "bx-jwt": 61821,
  "bx-kick": 61822,
  "bx-kickstarter": 61823,
  "bx-kotlin": 61824,
  "bx-kubernetes": 61825,
  "bx-laravel": 61826,
  "bx-leetcode": 61827,
  "bx-lemon-squeezy": 61828,
  "bx-less": 61829,
  "bx-letterboxd": 61830,
  "bx-lichess": 61831,
  "bx-line-chat": 61832,
  "bx-linear-app": 61833,
  "bx-linkedin-square": 61834,
  "bx-linkedin": 61835,
  "bx-linktree": 61836,
  "bx-loom": 61837,
  "bx-lottie-files": 61838,
  "bx-lottie-lab": 61839,
  "bx-lovable": 61840,
  "bx-lyft": 61841,
  "bx-magento": 61842,
  "bx-mailchimp": 61843,
  "bx-markdown": 61844,
  "bx-mastercard": 61845,
  "bx-mastodon": 61846,
  "bx-medium-old": 61847,
  "bx-medium-square": 61848,
  "bx-medium": 61849,
  "bx-messenger": 61850,
  "bx-meta": 61851,
  "bx-microsoft-teams": 61852,
  "bx-microsoft-windows": 61853,
  "bx-microsoft": 61854,
  "bx-midjourney": 61855,
  "bx-mongodb": 61856,
  "bx-motion-js": 61857,
  "bx-mozilla": 61858,
  "bx-my-sql": 61859,
  "bx-neon-tech": 61860,
  "bx-neovim": 61861,
  "bx-nest-js": 61862,
  "bx-netlify": 61863,
  "bx-next-js": 61864,
  "bx-nodejs": 61865,
  "bx-notion": 61866,
  "bx-npm": 61867,
  "bx-nuxt-js": 61868,
  "bx-ok-ru": 61869,
  "bx-ollama": 61870,
  "bx-openai": 61871,
  "bx-opensea": 61872,
  "bx-opera": 61873,
  "bx-paddle-p": 61874,
  "bx-paper-design": 61875,
  "bx-patreon": 61876,
  "bx-payload-cms": 61877,
  "bx-paypal": 61878,
  "bx-periscope": 61879,
  "bx-perplexity-ai": 61880,
  "bx-php": 61881,
  "bx-pinterest-alt": 61882,
  "bx-pinterest": 61883,
  "bx-planetscale": 61884,
  "bx-play-store": 61885,
  "bx-playstation": 61886,
  "bx-pocket": 61887,
  "bx-polar": 61888,
  "bx-postgresql": 61889,
  "bx-prisma-orm": 61890,
  "bx-product-hunt": 61891,
  "bx-python": 61892,
  "bx-qdrant": 61893,
  "bx-qq": 61894,
  "bx-quora": 61895,
  "bx-radix-ui": 61896,
  "bx-railway": 61897,
  "bx-rasberry-pi": 61898,
  "bx-react-query": 61899,
  "bx-react-router": 61900,
  "bx-react": 61901,
  "bx-redbubble": 61902,
  "bx-reddit": 61903,
  "bx-redux": 61904,
  "bx-remix-js": 61905,
  "bx-replit": 61906,
  "bx-resend": 61907,
  "bx-roblox": 61908,
  "bx-sanity": 61909,
  "bx-sass": 61910,
  "bx-sentry": 61911,
  "bx-shadcn-ui": 61912,
  "bx-shopify": 61913,
  "bx-sketch": 61914,
  "bx-skype": 61915,
  "bx-slack-old": 61916,
  "bx-slack": 61917,
  "bx-snapchat": 61918,
  "bx-socket-io": 61919,
  "bx-soundcloud": 61920,
  "bx-spotify": 61921,
  "bx-spring-boot": 61922,
  "bx-squarespace": 61923,
  "bx-sst": 61924,
  "bx-stack-overflow": 61925,
  "bx-stackblitz": 61926,
  "bx-steam": 61927,
  "bx-stripe": 61928,
  "bx-supabase": 61929,
  "bx-svelte": 61930,
  "bx-tailwind-css": 61931,
  "bx-telegram": 61932,
  "bx-terraform": 61933,
  "bx-threads": 61934,
  "bx-three-js": 61935,
  "bx-tiktok": 61936,
  "bx-trello": 61937,
  "bx-trip-advisor": 61938,
  "bx-trpc": 61939,
  "bx-trustpilot": 61940,
  "bx-tumblr": 61941,
  "bx-tux": 61942,
  "bx-twitch": 61943,
  "bx-twitter-x": 61944,
  "bx-twitter": 61945,
  "bx-typescript": 61946,
  "bx-uber": 61947,
  "bx-ubuntu": 61948,
  "bx-udacity": 61949,
  "bx-unity": 61950,
  "bx-unsplash": 61951,
  "bx-upwork": 61952,
  "bx-v0": 61953,
  "bx-venmo": 61954,
  "bx-vercel": 61955,
  "bx-vimeo": 61956,
  "bx-visa": 61957,
  "bx-visual-studio": 61958,
  "bx-vite-js": 61959,
  "bx-vk": 61960,
  "bx-vuejs": 61961,
  "bx-waze": 61962,
  "bx-web-components": 61963,
  "bx-webflow": 61964,
  "bx-wechat": 61965,
  "bx-weibo": 61966,
  "bx-whatsapp-square": 61967,
  "bx-whatsapp": 61968,
  "bx-wikipedia": 61969,
  "bx-windsurf": 61970,
  "bx-wix": 61971,
  "bx-wordpress": 61972,
  "bx-work-os": 61973,
  "bx-xai": 61974,
  "bx-xbox": 61975,
  "bx-xing": 61976,
  "bx-yahoo": 61977,
  "bx-yarn": 61978,
  "bx-yelp": 61979,
  "bx-youtube-music": 61980,
  "bx-youtube": 61981,
  "bx-zen-browser": 61982,
  "bx-zoom-workplace": 61983
}